<?xml version="1.0" encoding="utf-8"?>
<Configuration status="INFO">
	<Properties>
		<Property name="logdir">${sys:catalina.base}/logs</Property>
		<Property name="layout">%d [%t] %-5p %c %m%n</Property>
	</Properties>
	<Appenders>
		<Console name="CONSOLE" target="SYSTEM_OUT">
			<PatternLayout pattern="${layout}"/>
		</Console>

		<RollingFile name="CATALINA"
			fileName="${logdir}/catalina.log"
			filePattern="${logdir}/catalina.%d{yyyy-MM-dd}-%i.log.gz">
			<PatternLayout pattern="${layout}"/>
			<Policies>
				<TimeBasedTriggeringPolicy />
				<SizeBasedTriggeringPolicy size="250 MB"/>
			</Policies>
			<DefaultRolloverStrategy max="10"/>
		</RollingFile> 
    
		<RollingFile name="LOCALHOST"
			fileName="${logdir}/localhost.log"
			filePattern="${logdir}/localhost.%d{yyyy-MM-dd}.log.gz">
			<PatternLayout pattern="${layout}"/>
			<Policies>
				<TimeBasedTriggeringPolicy />
			</Policies>
			<DefaultRolloverStrategy max="10"/>
		</RollingFile>

		<RollingFile name="MANAGER"
			fileName="${logdir}/manager.log"
			filePattern="${logdir}/manager.%d{yyyy-MM-dd}.log.gz">
			<PatternLayout pattern="${layout}"/>
			<Policies>
				<TimeBasedTriggeringPolicy />
			</Policies>
			<DefaultRolloverStrategy max="10"/>
		</RollingFile>
    
		<RollingFile name="HOST-MANAGER"
			fileName="${logdir}/host-manager.log"
			filePattern="${logdir}/host-manager.%d{yyyy-MM-dd}.log.gz">
			<PatternLayout pattern="${layout}"/>
			<Policies>
				<TimeBasedTriggeringPolicy />
			</Policies>
			<DefaultRolloverStrategy max="10"/>
		</RollingFile>
    
		<RollingFile name="OPENJPA"
			fileName="${logdir}/openjpa-log4j.log"
			filePattern="${logdir}/openjpa-log4j.%d{yyyy-MM-dd}-%i.log.gz">
			<PatternLayout pattern="${layout}"/>
			<Policies>
				<TimeBasedTriggeringPolicy />
			</Policies>
			<DefaultRolloverStrategy max="10"/>
		</RollingFile>
	</Appenders>
  
	<Loggers>
		<Root level="INFO">
			<AppenderRef ref="CATALINA"/>
			<AppenderRef ref="CONSOLE"/>      
		</Root>
		<Logger name="org.apache.catalina.core.ContainerBase.[Catalina].[localhost]" level="info" additivity="false">
			<AppenderRef ref="LOCALHOST"/>
		</Logger>

		<Logger name="com.xerox"  level="DEBUG" additivity="false">
			<AppenderRef ref="CATALINA"/>
			<AppenderRef ref="CONSOLE"/>
		</Logger>

		<Logger name="com.mas.baseservices"  level="TRACE" additivity="false">
			<AppenderRef ref="CATALINA"/>
			<AppenderRef ref="CONSOLE"/>
		</Logger>

		<Logger name="com.mas.baseservices.core.ActionMappingsManager"  level="INFO" additivity="false">
			<AppenderRef ref="CATALINA"/>
			<AppenderRef ref="CONSOLE"/>
		</Logger>

		<Logger name="com.mas.baseservices.dao.TicketTypesCachedDAO"  level="INFO" additivity="false">
			<AppenderRef ref="CATALINA"/>
			<AppenderRef ref="CONSOLE"/>
		</Logger>

		<Logger name="com.xerox.mas.dao.cached.TripsRefundpolicyMappingsDAO"  level="INFO" additivity="false">
			<AppenderRef ref="CATALINA"/>
			<AppenderRef ref="CONSOLE"/>
		</Logger>

		<Logger name="com.mas.baseservices.dao.CMessagesDAO"  level="TRACE" additivity="false">
			<AppenderRef ref="CATALINA"/>
			<AppenderRef ref="CONSOLE"/>
		</Logger>
		<Logger name="com.mas"  level="TRACE" additivity="false">
			<AppenderRef ref="CATALINA"/>
			<AppenderRef ref="CONSOLE"/>
		</Logger>

		<!-- Below are loggers for OpenJPA -->
		<!-- Change levels in prod env     -->
		<Logger name="openjpa.Runtime"  level="TRACE" additivity="false">
			<AppenderRef ref="OPENJPA"/>
		</Logger>

		<Logger name="openjpa.jdbc.SQL"  level="TRACE" additivity="false">
			<AppenderRef ref="OPENJPA"/>
		</Logger>

		<Logger name="openjpa.jdbc.JDBC"  level="TRACE" additivity="false">
			<AppenderRef ref="OPENJPA"/>
		</Logger>

		<Logger name="openjpa.Query"  level="TRACE" additivity="false">
			<AppenderRef ref="OPENJPA"/>
		</Logger>

		<Logger name="openjpa.DataCache"  level="TRACE" additivity="false">
			<AppenderRef ref="OPENJPA"/>
		</Logger>

		<Logger name="openjpa.Tool"  level="TRACE" additivity="false">
			<AppenderRef ref="OPENJPA"/>
		</Logger>

		<Logger name="openjpa.DefaultLevel"  level="TRACE" additivity="false">
			<AppenderRef ref="OPENJPA"/>
		</Logger>

	</Loggers>
</Configuration>
