<?xml version="1.0" encoding="utf-8"?>
<Configuration status="INFO">
  <Properties>
    <Property name="logdir">${sys:catalina.base}/logs</Property>
    <!--
    <Property name="layout">%d [%t] %-5p %c %m%n</Property>
    -->
    <Property name="layout">%d %-5p [%t][%c] %m%n</Property>
    <Property name="dllfile">${sys:catalina.base}/dll/Win32EventLogAppender.dll</Property>

  </Properties>
  <Appenders>
	<Console name="CONSOLE" target="SYSTEM_OUT">
		<PatternLayout pattern="${layout}"/>
	</Console>
	<RollingFile name="CATALINA"
		fileName="${logdir}/catalina.log"
		filePattern="${logdir}/catalina.%d{yyyy-MM-dd}-%i.log.gz">
		<PatternLayout pattern="${layout}"/>
		<Policies>
			<TimeBasedTriggeringPolicy />
			<SizeBasedTriggeringPolicy size="250MB"/>
		</Policies>
		<DefaultRolloverStrategy max="10"/>
	</RollingFile>

	<RollingFile name="LOCALHOST"
		fileName="${logdir}/localhost.log"
		filePattern="${logdir}/localhost.%d{yyyy-MM-dd}.log.gz">
		<PatternLayout pattern="${layout}"/>
		<Policies>
			<TimeBasedTriggeringPolicy />
		</Policies>
		<DefaultRolloverStrategy max="10"/>
	</RollingFile>
    
	<RollingFile name="MANAGER"
		fileName="${logdir}/manager.log"
		filePattern="${logdir}/manager.%d{yyyy-MM-dd}.log.gz">
		<PatternLayout pattern="${layout}"/>
		<Policies>
			<TimeBasedTriggeringPolicy />
		</Policies>
		<DefaultRolloverStrategy max="10"/>
	</RollingFile>
    
	<RollingFile name="HOST-MANAGER"
		fileName="${logdir}/host-manager.log"
		filePattern="${logdir}/host-manager.%d{yyyy-MM-dd}.log.gz">
		<PatternLayout pattern="${layout}"/>
		<Policies>
			<TimeBasedTriggeringPolicy />
		</Policies>
		<DefaultRolloverStrategy max="10"/>
	</RollingFile>
    
	<RollingFile name="HIBERNATE"
		fileName="${logdir}/hibernate.log"
		filePattern="${logdir}/hibernate.%d{yyyy-MM-dd}-%i.log.gz">
		<PatternLayout pattern="${layout}"/>
		<Policies>
			<TimeBasedTriggeringPolicy />
		</Policies>
		<DefaultRolloverStrategy max="10"/>
	</RollingFile>
  
	</Appenders>

  
	<Loggers>
		<Root level="INFO">
			<AppenderRef ref="CATALINA"/>
			<AppenderRef ref="CONSOLE"/>
		</Root>
    
		<Logger name="org.apache.catalina.core.ContainerBase.[Catalina].[localhost]"
			level="info"
			additivity="false">
			<AppenderRef ref="LOCALHOST"/>
		</Logger>
    
		<Logger name="org.apache.catalina.core.ContainerBase.[Catalina].[localhost].[/manager]"
			level="info"
			additivity="false">
			<AppenderRef ref="MANAGER"/>
		</Logger>
    
		<Logger name="org.apache.catalina.core.ContainerBase.[Catalina].[localhost].[/host-manager]"
			level="info"
			additivity="false">
			<AppenderRef ref="HOST-MANAGER"/>
		</Logger>
		<Logger name="com.xerox.mas"  level="DEBUG" additivity="false">
			<AppenderRef ref="CATALINA"/>
			<AppenderRef ref="CONSOLE"/>
		</Logger>
    
		<Logger name="com.mas.baseservices"  level="TRACE" additivity="false">
			<AppenderRef ref="CATALINA"/>
			<AppenderRef ref="CONSOLE"/>
		</Logger>

		<!-- Below are loggers for OpenJPA -->
		<!-- Change levels in prod env     -->
		<Logger name="openjpa.Runtime"  level="TRACE" additivity="false">
			<AppenderRef ref="OPENJPA"/>
		</Logger>

		<Logger name="openjpa.jdbc.SQL"  level="TRACE" additivity="false">
			<AppenderRef ref="OPENJPA"/>
		</Logger>

		<Logger name="openjpa.jdbc.JDBC"  level="TRACE" additivity="false">
			<AppenderRef ref="OPENJPA"/>
		</Logger>

		<Logger name="openjpa.Query"  level="TRACE" additivity="false">
			<AppenderRef ref="OPENJPA"/>
		</Logger>

		<Logger name="openjpa.DataCache"  level="TRACE" additivity="false">
			<AppenderRef ref="OPENJPA"/>
		</Logger>

		<Logger name="openjpa.Tool"  level="TRACE" additivity="false">
			<AppenderRef ref="OPENJPA"/>
		</Logger>

		<Logger name="openjpa.DefaultLevel"  level="TRACE" additivity="false">
			<AppenderRef ref="OPENJPA"/>
		</Logger>

	</Loggers>
</Configuration>
