{
  "tables": [
    {
      "schema": "masdev",
      "pktable_name": "p_trx",
      "pkcolumn_name": "SEQUENCE_ID",
      "fktable_name": "p_trx_misc",
      "fkcolumn_name": "TRX_SEQ_ID"
    },
    {
      "schema": "masdev",
      "pktable_name": "p_trx",
      "pkcolumn_name": "SEQUENCE_ID",
      "fktable_name": "p_trx_payments",
      "fkcolumn_name": "TRX_SEQ_ID"
    },
    {
      "schema": "masdev",
      "pktable_name": "p_trx",
      "pkcolumn_name": "SEQUENCE_ID",
      "fktable_name": "p_trx_tickets",
      "fkcolumn_name": "TRX_SEQ_ID"
    },

    {
      "schema": "masdev",
      "pktable_name": "p_trx_refunds",
      "pkcolumn_name": "ID",
      "fktable_name": "p_trx_refund_details",
      "fkcolumn_name": "REFUND_ID"
    }
  ]
}

